ADILABAD,NIRMAL,KOMARAM BHEEM ASIFABAD,
BHADRADRI KOTHAGUDEM,MULUGU,MAHABUBABAD,KHAMMAM,
HANUMAKONDA,JANGOAN,JAYASHANKAR BHOOPALPALLY,KARIMNAGAR,SIDDIPET,WARANGAL,
HYDERABAD,MEDCHAL-MALKAJGIRI,RANGAREDDY,
JAGTIAL,KARIMNAGAR,NIRMAL,NIZAMABAD,MANCHERIAL,PEDDAPALLI,RAJANNA SIRCILLA,
JANGOAN,HANUMAKONDA,MAHABUBABAD,SIDDIPET,SURYAPET,WARANGAL,YADADRI BHUVANAGIRI,
JAYASHANKAR BHOOPALPALLY,HANUMAKONDA,KARIMNAGAR,MANCHERIAL,MULUGU,PEDDAPALLI,WARANGAL,
JOGULAMBA GADWAL,NARAYANPET,WANAPARTHY,
KAMAREDDY,MEDAK,NIZAMABAD,SANGAREDDY,SIDDIPET,RAJANNA SIRCILLA,
KARIMNAGAR,HANUMAKONDA,JAGTIAL,JAYASHANKAR BHOOPALPALLY,RAJANNA SIRCILLA,SIDDIPET,PEDDAPALLI,
KHAMMAM,BHADRADRI KOTHAGUDEM,MAHABUBABAD,SURYAPET,
KOMARAM BHEEM ASIFABAD,ADILABAD,MANCHERIAL,NIRMAL,
MAHABUBABAD,BHADRADRI KOTHAGUDEM,JANGOAN,KHAMMAM,MULUGU,SURYAPET,WARANGAL,
MAHABUBNAGAR,NAGARKURNOOL,NARAYANPET,RANGAREDDY,VIKARABAD,WANAPARTHY,
MANCHERIAL,JAGTIAL,JAYASHANKAR BHOOPALPALLY,KOMARAM BHEEM ASIFABAD,NIRMAL,PEDDAPALLI,
MEDAK,KAMAREDDY,MEDCHAL-MALKAJGIRI,SANGAREDDY,SIDDIPET,RAJANNA SIRCILLA,
MEDCHAL-MALKAJGIRI,HYDERABAD,MEDAK,RANGAREDDY,SANGAREDDY,SIDDIPET,YADADRI BHUVANAGIRI,
MULUGU,BHADRADRI KOTHAGUDEM,JAYASHANKAR BHOOPALPALLY,MAHABUBABAD,WARANGAL,
NAGARKURNOOL,MAHABUBNAGAR,NALGONDA,RANGAREDDY,WANAPARTHY,
NALGONDA,NAGARKURNOOL,RANGAREDDY,SURYAPET,YADADRI BHUVANAGIRI,
NARAYANPET,JOGULAMBA GADWAL,MAHABUBNAGAR,VIKARABAD,WANAPARTHY,
NIRMAL,ADILABAD,JAGTIAL,KOMARAM BHEEM ASIFABAD,MANCHERIAL,NIZAMABAD,
NIZAMABAD,JAGTIAL,KAMAREDDY,NIRMAL,RAJANNA SIRCILLA,
PEDDAPALLI,JAGTIAL,JAYASHANKAR BHOOPALPALLY,KARIMNAGAR,MANCHERIAL,
RAJANNA SIRCILLA,JAGTIAL,KAMAREDDY,KARIMNAGAR,MEDAK,NIZAMABAD,SIDDIPET,
RANGAREDDY,HYDERABAD,MAHABUBNAGAR,MEDCHAL-MALKAJGIRI,NAGARKURNOOL,NALGONDA,SANGAREDDY,VIKARABAD,YADADRI BHUVANAGIRI,
SANGAREDDY,KAMAREDDY,MEDAK,MEDCHAL-MALKAJGIRI,RANGAREDDY,VIKARABAD,
SIDDIPET,HANUMAKONDA,JANGOAN,KAMAREDDY,KARIMNAGAR,MEDAK,MEDCHAL-MALKAJGIRI,RAJANNA SIRCILLA,YADADRI BHUVANAGIRI,
SURYAPET,JANGOAN,KHAMMAM,MAHABUBABAD,NALGONDA,YADADRI BHUVANAGIRI,
VIKARABAD,MAHABUBNAGAR,NARAYANPET,RANGAREDDY,SANGAREDDY,
WANAPARTHY,JOGULAMBA GADWAL,MAHABUBNAGAR,NAGARKURNOOL,NARAYANPET,
WARANGAL,HANUMAKONDA,JANGOAN,JAYASHANKAR BHOOPALPALLY,MAHABUBABAD,MULUGU,
YADADRI BHUVANAGIRI,JANGOAN,MEDCHAL-MALKAJGIRI,NALGONDA,RANGAREDDY,SIDDIPET,SURYAPET,
