ADILABAD,NIRMAL,KOMARAM_BHEEM_ASIFABAD,
BHADRADRI_KOTHAGUDEM,MULUGU,MAHABUBABAD,KHAMMAM,
HANUMAKONDA,JANGOAN,JAYASHANKAR_BHOOPALPALLY,KARIMNAGAR,SIDDIPET,WARANGAL,
HYDERABAD,MEDCHAL-MALKAJGIRI,RANGAREDDY,
JAGTIAL,KARIMNAGAR,NIRMAL,NIZAMABAD,MANCHERIAL,PEDDAPALLI,RAJANNA_SIRCILLA,
JANGOAN,HANUMAKONDA,MAHABUBABAD,SIDDIPET,SURYAPET,WARANGAL,YADADRI_BHUVANAGIRI,
JAYASHANKAR_BHOOPALPALLY,HANUMAKONDA,KARIMNAGAR,MANCHERIAL,MULUGU,PEDDAPALLI,WARANGAL,
JOGULAMBA_GADWAL,NARAYANPET,WANAPARTHY,
KAMAREDDY,MEDAK,NIZAMABAD,SANGAREDDY,SIDDIPET,RAJANNA_SIRCILLA,
KARIMNAGAR,HANUMAKONDA,JAGTIAL,JAYASHANKAR_BHOOPALPALLY,RAJANNA_SIRCILLA,SIDDIPET,PEDDAPALLI,
KHAMMAM,BHADRADRI_KOTHAGUDEM,MAHABUBABAD,SURYAPET,
KOMARAM_BHEEM_ASIFABAD,ADILABAD,MANCHERIAL,NIRMAL,
MAHABUBABAD,BHADRADRI_KOTHAGUDEM,JANGOAN,KHAMMAM,MULUGU,SURYAPET,WARANGAL,
MAHABUBNAGAR,NAGARKURNOOL,NARAYANPET,RANGAREDDY,VIKARABAD,WANAPARTHY,
MANCHERIAL,JAGTIAL,JAYASHANKAR_BHOOPALPALLY,KOMARAM_BHEEM_ASIFABAD,NIRMAL,PEDDAPALLI,
MEDAK,KAMAREDDY,MEDCHAL-MALKAJGIRI,SANGAREDDY,SIDDIPET,RAJANNA_SIRCILLA,
MEDCHAL-MALKAJGIRI,HYDERABAD,MEDAK,RANGAREDDY,SANGAREDDY,SIDDIPET,YADADRI_BHUVANAGIRI,
MULUGU,BHADRADRI_KOTHAGUDEM,JAYASHANKAR_BHOOPALPALLY,MAHABUBABAD,WARANGAL,
NAGARKURNOOL,MAHABUBNAGAR,NALGONDA,RANGAREDDY,WANAPARTHY,
NALGONDA,NAGARKURNOOL,RANGAREDDY,SURYAPET,YADADRI_BHUVANAGIRI,
NARAYANPET,JOGULAMBA_GADWAL,MAHABUBNAGAR,VIKARABAD,WANAPARTHY,
NIRMAL,ADILABAD,JAGTIAL,KOMARAM_BHEEM_ASIFABAD,MANCHERIAL,NIZAMABAD,
NIZAMABAD,JAGTIAL,KAMAREDDY,NIRMAL,RAJANNA_SIRCILLA,
PEDDAPALLI,JAGTIAL,JAYASHANKAR_BHOOPALPALLY,KARIMNAGAR,MANCHERIAL,
RAJANNA_SIRCILLA,JAGTIAL,KAMAREDDY,KARIMNAGAR,MEDAK,NIZAMABAD,SIDDIPET,
RANGAREDDY,HYDERABAD,MAHABUBNAGAR,MEDCHAL-MALKAJGIRI,NAGARKURNOOL,NALGONDA,SANGAREDDY,VIKARABAD,YADADRI_BHUVANAGIRI,
SANGAREDDY,KAMAREDDY,MEDAK,MEDCHAL-MALKAJGIRI,RANGAREDDY,VIKARABAD,
SIDDIPET,HANUMAKONDA,JANGOAN,KAMAREDDY,KARIMNAGAR,MEDAK,MEDCHAL-MALKAJGIRI,RAJANNA_SIRCILLA,YADADRI_BHUVANAGIRI,
SURYAPET,JANGOAN,KHAMMAM,MAHABUBABAD,NALGONDA,YADADRI_BHUVANAGIRI,
VIKARABAD,MAHABUBNAGAR,NARAYANPET,RANGAREDDY,SANGAREDDY,
WANAPARTHY,JOGULAMBA_GADWAL,MAHABUBNAGAR,NAGARKURNOOL,NARAYANPET,
WARANGAL,HANUMAKONDA,JANGOAN,JAYASHANKAR_BHOOPALPALLY,MAHABUBABAD,MULUGU,
YADADRI_BHUVANAGIRI,JANGOAN,MEDCHAL-MALKAJGIRI,NALGONDA,RANGAREDDY,SIDDIPET,SURYAPET,
